<?xml version="1.0" encoding="UTF-8"?>
<!--标签说明
scan:当此属性设置为true时，配置文件如果发生改变，将会被重新加载，默认值为true。
scanPeriod:设置监测配置文件是否有修改的时间间隔，如果没有给出时间单位，默认单位是毫秒。当scan为true时，此属性生效。默认的时间间隔为1分钟。
debug:当此属性设置为true时，将打印出logback内部日志信息，实时查看logback运行状态。默认值为false。
-->
<configuration scan="true" scanPeriod="60 seconds" debug="“false">
    <contextName>logback-demo</contextName>
    <!--输出到控制台 ConsoleAppender-->
    <appender name="consoleLog1" class="ch.qos.logback.core.ConsoleAppender">
        <!--展示格式 layout-->
        <layout class="ch.qos.logback.classic.PatternLayout">
            <pattern>%d -1 %msg%n</pattern>
        </layout>
    </appender>

    <!--输出到控制台 ConsoleAppender-->
    <appender name="consoleLog2" class="ch.qos.logback.core.ConsoleAppender">
        <encoder>
            <pattern>%d -2 %msg%n</pattern>
        </encoder>
    </appender>

    <!--指定最基础的日志输出级别-->
    <root level="DEBUG">
        <!--appender将会添加到这个logger-->
        <appender-ref ref="consoleLog1"/>
        <!--<appender-ref ref="consoleLog2"/>-->
    </root>
</configuration>
